{"indexes":[{"v":{"$numberInt":"2"},"key":{"_id":{"$numberInt":"1"}},"name":"_id_"},{"v":{"$numberInt":"2"},"unique":true,"key":{"email":{"$numberInt":"1"}},"name":"email_1","background":true},{"v":{"$numberInt":"2"},"key":{"firstname":{"$numberInt":"1"}},"name":"firstname_1","background":true},{"v":{"$numberInt":"2"},"key":{"lastname":{"$numberInt":"1"}},"name":"lastname_1","background":true},{"v":{"$numberInt":"2"},"key":{"username":{"$numberInt":"1"}},"name":"username_1","background":true}],"uuid":"4532b4b753214a1f9c4324fc90e91b4d","collectionName":"strapi_administrator"}